INSERT INTO CONNECTOR_WORKSPACE(WS_ID, NC_ID) VALUE ('ws-00','notebook-jupyter-01');
INSERT INTO CONNECTOR_WORKSPACE(WS_ID, NC_ID) VALUE ('ws-03','notebook-jupyter-01');

INSERT INTO BOOK(TYPE, ID, CREATED_BY, CREATED_TIME, MODIFIED_BY, MODIFIED_TIME, VERSION, BOOK_DESC, BOOK_FAVORITE, BOOK_FOLDER_ID, BOOK_NAME, BOOK_TAG, WS_ID) VALUES
('notebook', 'nb-001', 'polaris', now(), 'polaris', now(), 0, NULL, FALSE, 'ROOT', 'test-notebook-r', '', 'ws-03');
INSERT INTO BOOK(TYPE, ID, CREATED_BY, CREATED_TIME, MODIFIED_BY, MODIFIED_TIME, VERSION, BOOK_DESC, BOOK_FAVORITE, BOOK_FOLDER_ID, BOOK_NAME, BOOK_TAG, WS_ID) VALUES
('notebook', 'nb-002', 'polaris', now(), 'polaris', now(), 0, NULL, FALSE, 'ROOT', 'test-notebook-python', '', 'ws-03');
INSERT INTO BOOK_NOTEBOOK(ID, DS_ID, DS_NAME, DS_TYPE, KERNEL_TYPE, NB_REF_ID, NB_CONNECTOR) VALUES
('nb-001', 'ds-37', 'ds-37-name', 'DATASOURCE', 'R', 'ws-03/test1.ipynb', 'notebook-jupyter-01');
INSERT INTO BOOK_NOTEBOOK(ID, DS_ID, DS_NAME, DS_TYPE, KERNEL_TYPE, NB_REF_ID, NB_CONNECTOR) VALUES
('nb-002', 'ds-37', 'ds-37-name', 'DATASOURCE', 'PYTHON', 'ws-03/test2.ipynb', 'notebook-jupyter-01');

INSERT INTO NOTEBOOK_MODEL(ID, CREATED_BY, CREATED_TIME, MODIFIED_BY, MODIFIED_TIME, VERSION, MODEL_DESC, MODEL_NAME, SCRIPT, STATUS_TYPE, SUBSCRIBE_TYPE, NB_ID) VALUES
('nbm-001', 'polaris', now(), 'polaris', now(), 0, NULL, 'test-notebook-model-001', '/mnt/data/notebook/ws-03/nbm-001.R', 'APPROVAL', 'HTML', 'nb-001');
INSERT INTO NOTEBOOK_MODEL(ID, CREATED_BY, CREATED_TIME, MODIFIED_BY, MODIFIED_TIME, VERSION, MODEL_DESC, MODEL_NAME, SCRIPT, STATUS_TYPE, SUBSCRIBE_TYPE, NB_ID) VALUES
('nbm-002', 'polaris', now(), 'polaris', now(), 0, NULL, 'test-notebook-model-002', '/mnt/data/notebook/ws-03/nbm-002.R', 'REJECT', 'HTML', 'nb-001');
INSERT INTO NOTEBOOK_MODEL(ID, CREATED_BY, CREATED_TIME, MODIFIED_BY, MODIFIED_TIME, VERSION, MODEL_DESC, MODEL_NAME, SCRIPT, STATUS_TYPE, SUBSCRIBE_TYPE, NB_ID) VALUES
('nbm-003', 'polaris', now(), 'polaris', now(), 0, NULL, 'test-notebook-model-003', '/mnt/data/notebook/ws-03/nbm-003.R', 'PENDING', 'HTML', 'nb-001');
INSERT INTO NOTEBOOK_MODEL(ID, CREATED_BY, CREATED_TIME, MODIFIED_BY, MODIFIED_TIME, VERSION, MODEL_DESC, MODEL_NAME, SCRIPT, STATUS_TYPE, SUBSCRIBE_TYPE, NB_ID) VALUES
('nbm-004', 'polaris', now(), 'polaris', now(), 0, NULL, 'test-notebook-model-004', '/mnt/data/notebook/ws-03/nbm-004.R', 'APPROVAL', 'JSON', 'nb-001');
INSERT INTO NOTEBOOK_MODEL(ID, CREATED_BY, CREATED_TIME, MODIFIED_BY, MODIFIED_TIME, VERSION, MODEL_DESC, MODEL_NAME, SCRIPT, STATUS_TYPE, SUBSCRIBE_TYPE, NB_ID) VALUES
('nbm-005', 'polaris', now(), 'polaris', now(), 0, NULL, 'test-notebook-model-005', '/mnt/data/notebook/ws-03/nbm-005.R', 'REJECT', 'JSON', 'nb-001');
INSERT INTO NOTEBOOK_MODEL(ID, CREATED_BY, CREATED_TIME, MODIFIED_BY, MODIFIED_TIME, VERSION, MODEL_DESC, MODEL_NAME, SCRIPT, STATUS_TYPE, SUBSCRIBE_TYPE, NB_ID) VALUES
('nbm-006', 'polaris', now(), 'polaris', now(), 0, NULL, 'test-notebook-model-006', '/mnt/data/notebook/ws-03/nbm-006.R', 'PENDING', 'JSON', 'nb-001');
INSERT INTO NOTEBOOK_MODEL(ID, CREATED_BY, CREATED_TIME, MODIFIED_BY, MODIFIED_TIME, VERSION, MODEL_DESC, MODEL_NAME, SCRIPT, STATUS_TYPE, SUBSCRIBE_TYPE, NB_ID) VALUES
('nbm-007', 'polaris', now(), 'polaris', now(), 0, NULL, 'test-notebook-model-007', '/mnt/data/notebook/ws-03/nbm-007.py', 'APPROVAL', 'HTML', 'nb-002');
INSERT INTO NOTEBOOK_MODEL(ID, CREATED_BY, CREATED_TIME, MODIFIED_BY, MODIFIED_TIME, VERSION, MODEL_DESC, MODEL_NAME, SCRIPT, STATUS_TYPE, SUBSCRIBE_TYPE, NB_ID) VALUES
('nbm-008', 'polaris', now(), 'polaris', now(), 0, NULL, 'test-notebook-model-008', '/mnt/data/notebook/ws-03/nbm-008.py', 'REJECT', 'HTML', 'nb-002');
INSERT INTO NOTEBOOK_MODEL(ID, CREATED_BY, CREATED_TIME, MODIFIED_BY, MODIFIED_TIME, VERSION, MODEL_DESC, MODEL_NAME, SCRIPT, STATUS_TYPE, SUBSCRIBE_TYPE, NB_ID) VALUES
('nbm-009', 'polaris', now(), 'polaris', now(), 0, NULL, 'test-notebook-model-009', '/mnt/data/notebook/ws-03/nbm-009.py', 'PENDING', 'HTML', 'nb-002');

INSERT INTO NOTEBOOK_MODEL_HISTORY(ID, CREATED_BY, CREATED_TIME, MODIFIED_BY, MODIFIED_TIME, VERSION, ELAPSED_TIME, ERROR_LOG, SUCCESS_YN, MODEL_ID) VALUES
(100, 'polaris', now(), 'polaris', now(), 0, 5000, '', TRUE, 'nbm-001');
INSERT INTO NOTEBOOK_MODEL_HISTORY(ID, CREATED_BY, CREATED_TIME, MODIFIED_BY, MODIFIED_TIME, VERSION, ELAPSED_TIME, ERROR_LOG, SUCCESS_YN, MODEL_ID) VALUES
(101, 'polaris', now(), 'polaris', now(), 0, 3000, 'null pointer exception', FALSE, 'nbm-001');